,id,MEAN_Frame-Wise_Displacement
0,28988,0.1412411765
1,29344,0.274930322580645
2,50278,0.37341973244147203
3,28839,0.6787251656000001
4,50624,0.37691649479999995
5,50284,0.24759464882943102
6,29412,9999.9
7,29477,0.279563870967742
8,51170,0.162410055865921
9,28780,0.20536754969999998
10,29289,0.154008387096774
11,28779,0.2611245033
12,50029,0.167397487437185
13,50185,0.8404240223
14,29411,9999.9
15,30156,0.1675915966
16,51167,0.288408333333333
17,28997,0.1947117647
18,51215,0.468347413793
19,50796,0.62938
20,30177,1.11643631284916
21,50955,0.160916759776536
22,29375,0.113729032258064
23,50023,0.256530150753768
24,50285,0.178341806020067
25,30185,0.0909083798882681
26,50057,0.155768341708542
27,50620,0.208543814
28,28907,0.3299402235
29,51219,0.485987931034
30,28873,0.06859832402
31,50956,0.0873296089385474
32,51207,0.4214577586206896
33,50604,0.144544845
34,50127,0.2524545455
35,50005,0.244760301507537
36,30001,0.13686800000000002
37,50623,0.09282474199999999
38,30021,0.1185546667
39,50619,0.148438144
40,50621,0.151098454
41,50407,0.110077257525084
42,28885,0.1657368715
43,29603,0.1005869048
44,50276,0.0642304347826087
45,30026,0.17396733329999997
46,51462,0.25835555600000004
47,51463,0.113068056
48,29613,0.13230357140000001
49,29521,0.1846389121
50,51471,0.21127638899999998
51,50959,0.0821078212290502
52,29544,0.3315300926
53,51606,0.141047058823529
54,28968,0.09383865546
55,29743,0.669258823529411
56,29409,9999.9
57,29434,0.275295483870967
58,29285,0.310497637795275
59,50792,0.301895275591
60,51228,2.3045112069
61,50795,0.231209677419
62,29584,0.19257023809999999
63,51164,0.154313966480446
64,29213,0.2505122905
65,29171,0.431001676
66,51162,0.0779648044692737
67,29287,0.250905161290322
68,28869,0.1330268156
69,29293,0.256733548387096
70,29416,9999.9
71,50952,0.652072625698324
72,51226,0.227131896552
73,28834,0.7013622517
74,50615,0.722252577
75,29276,0.30111653543307
76,50627,0.191893299
77,29278,0.409393700787401
78,28962,0.4719260504
79,50798,0.231353548387
80,50958,0.195356424581005
81,50302,0.319986622073579
82,29177,0.0727273743
83,50300,0.305313377926421
84,28758,0.17075695359999998
85,29279,0.630679527559055
86,28903,0.07982234637
87,29229,0.27627486030000004
88,30253,0.07564557823
89,29748,0.489185714285714
90,28980,0.1417436975
91,30158,0.1133697479
92,30163,0.1604
93,51036,0.125031284916201
94,50784,0.39280516129
95,29754,0.103805882352941
96,29334,0.114951612903225
97,28763,0.2456569536
98,51038,0.0805005586592178
99,28814,0.20255496690000002
100,28836,0.27270264899999996
101,50576,0.127655155
102,51039,0.0996944134078212
103,28803,0.1819284768
104,29747,0.189743697478991
105,50206,0.1906162011
106,28841,0.3778927152
107,28846,0.16954834440000002
108,29439,0.355458709677419
109,29364,0.173276774193548
110,29485,0.107847741935483
111,50820,0.138250322581
112,28783,0.19984503309999999
113,51041,0.0832592178770949
114,29339,0.176918709677419
115,29343,0.154121935483871
116,29318,0.391425196850393
117,28827,0.1550284768
118,28971,0.4644672269
119,28973,0.1119554622
120,29001,0.08000336134
121,29309,0.13462064516129
122,51184,0.134701255230125
123,29307,0.363240157480314
124,29622,
125,28770,0.1710059603
126,29407,9999.9
127,28801,0.1553450331
128,29441,0.156194193548387
129,29369,0.0805270967741935
130,29322,0.253907874015748
131,29466,0.203065806451612
132,50357,0.11792709030100301
133,29462,0.249449677419354
134,29306,0.176624409448818
135,29297,0.0715322834645669
136,29445,0.196602580645161
137,50374,0.0811615384615384
138,29300,0.304199212598425
139,29351,0.23510129032258
140,29420,9999.9
141,29342,0.137602580645161
142,30208,0.299794972067039
143,29312,0.102155905511811
144,29353,0.178128387096774
145,29366,0.144750967741935
146,50780,0.178128387097
147,29596,0.07258452381
148,29371,0.114959354838709
149,50812,0.174391612903
150,28944,0.2827865546
151,28947,0.142305042
152,28953,0.2199731092
153,29000,0.1805773109
154,29005,0.6892647059
155,30164,0.08558235294
156,30166,0.1097294118
157,29444,0.296716774193548
158,29453,0.164457419354838
159,29437,0.124149032258064
160,29405,9999.9
161,30235,0.1288792517
162,50788,0.178707741935
163,30209,0.111295530726257
164,29459,0.0867038709677419
165,29358,0.10782129032258
166,50783,0.107821290323
167,29422,9999.9
168,28813,0.1402284768
169,29296,0.194317322834645
170,28751,0.1209642384
171,29298,0.0692858267716535
172,29304,0.074755905511811
173,28786,0.5100370861
174,29331,0.274199354838709
175,29301,0.0962889763779527
176,29432,0.0688722580645161
177,28757,0.11774569539999999
178,29333,0.148407741935483
179,51044,0.104936312849162
180,28880,0.06728938547
181,29315,0.0819125984251968
182,28943,0.0985697479
183,28945,0.2648420168
184,28976,0.2465697479
185,28994,0.1670915966
186,30157,0.06498991597
187,30162,0.244302521
188,50565,0.48518969100000003
189,29438,0.29798
190,29299,0.349292913385826
191,29463,0.144956774193548
192,29336,0.0996883870967742
193,29436,0.237455483870967
194,29440,0.0962335483870968
195,29363,0.331259354838709
196,51045,0.193534636871508
197,51046,0.103970391061452
198,50375,0.0719896321070234
199,29302,0.154461417322834
200,29329,0.108949606299212
201,29421,9999.9
202,29442,0.0725290322580645
203,28991,0.1047411765
204,30165,0.1951537815
205,28760,0.06438344371
206,51047,0.0776810055865921
207,28882,0.06818882682
208,29337,0.170123870967741
209,50213,0.1744608939
210,51305,0.131170689655172
211,51282,0.20390603448300001
212,28742,0.131115894
213,29756,0.0894924369747899
214,28954,0.1574655462
215,29004,0.1144184874
216,30154,0.05336806723
217,51303,0.059475
218,28775,0.1650701987
219,50353,0.11489197324414699
220,29997,0.1237593333
221,28749,0.13424768210000002
222,51049,0.0958189944134078
223,28753,0.1153417219
224,51050,0.0768435754189944
225,50036,0.17023216080402
226,28750,0.2512423841
227,51264,0.151160344828
228,50338,0.12303645484949799
229,50558,0.0
230,50201,0.1521407821
231,50208,0.2676145251
232,50343,0.297352173913043
233,50414,0.120600668896321
234,51279,0.0812
235,30008,0.09656333332999999
236,50563,0.260869588
237,50038,0.241830150753768
238,30167,0.09100420168
239,50354,0.6586739130434781
240,51051,0.147817877094972
241,50205,0.07024804469
242,51052,0.0870513966480446
243,30231,0.09140726257000001
244,50557,0.195613402
245,50336,0.0807759197324415
246,50379,0.184254515050167
247,51053,0.0905458100558659
248,50555,0.114866495
249,51054,0.190615083798882
250,50369,0.125868227424749
251,50113,0.2480736842
252,50572,0.10389536082499999
253,50049,0.315822110552763
254,51055,0.110909497206703
255,50340,0.08544749163879599
256,29998,0.116674
257,50569,0.1226
258,50215,0.1193351955
259,50356,0.0843555183946488
260,50373,0.196481605351171
261,51056,0.0458435754189944
262,50380,0.43241505016722404
263,50361,0.11869565217391301
264,28699,0.08686152220000001
265,50348,0.183413043478261
266,28700,0.1030424947
267,50661,0.241895611
268,51479,0.132701389
269,51480,0.080361111
270,29560,0.12286875
271,51482,0.113372222
272,50059,0.190027135678391
273,51057,0.0654614525139664
274,28711,0.3004063425
275,28714,0.10151353070000001
276,29551,0.1064134259
277,29552,0.2047372685
278,29519,0.3013878661
279,51058,0.132914525139664
280,29517,0.122290795
281,51060,0.212854748603352
282,51059,0.099554189944134
283,28708,0.258522833
284,29242,0.059381005589999994
285,29563,0.1371048611
286,28706,0.1239469345
287,28716,0.09201511627999999
288,51061,0.0584569832402234
289,51062,0.122102234636871
290,28703,0.1345828753
291,29518,0.1176807531
292,51063,0.115808379888268
293,51493,0.118824305556
294,28722,0.07874534883999999
295,50669,0.14357272699999998
296,51370,0.085790756302521
297,29253,0.2290240223
298,29226,0.07630614525
299,29236,0.11757374300000001
300,51078,0.120579329608938
301,51360,0.135298994974874
302,29254,0.1347804469
303,51079,0.136402234636871
304,29238,0.07806871507999999
305,51064,0.107114525139664
306,51070,0.161210055865921
307,29232,0.18516983239999998
308,50564,0.19695773100000002
309,29749,0.4092
310,28970,0.08230756303
311,28978,0.1437495798
312,28990,0.06444033613
313,51080,0.0881648044692737
314,29310,0.335154330708661
315,28804,0.17506688739999998
316,29386,0.198957419354838
317,28881,0.1319955307
318,29241,0.1085318436
319,51069,0.065849720670391
320,29230,0.1253994413
321,29390,0.272109677419354
322,50166,0.1344888889
323,50366,0.23767257525083602
324,51185,0.417518828451882
325,51187,0.13647740585774
326,29340,0.171137419354838
327,28845,0.12077152320000001
328,28842,0.3194509934
329,50814,0.134412258065
330,29402,9999.9
331,29303,0.540471653543307
332,29244,0.1072379888
333,29750,0.163663025210084
334,29387,0.352678064516129
335,30194,0.0532810055865921
336,29313,0.262438582677165
337,29428,1.0034129032258
338,50554,0.103133505
339,50786,0.28509483871
340,50453,0.881266239
341,51081,0.0666921787709497
342,29424,0.306987741935483
343,51082,0.185869273743016
344,29473,0.183874193548387
345,28830,0.5684456954
346,51083,0.148749162011173
347,50162,0.4409197531
348,28793,0.37381655630000005
349,28969,0.2445319328
350,28979,0.09670924369999999
351,28984,0.1259344538
352,29245,0.1630553073
353,29324,0.0810047244094488
354,29235,0.11527653630000001
355,30205,0.119722346368715
356,29744,0.259794957983193
357,29448,0.62310129032258
358,50161,0.3614234568
359,29460,0.0966677419354838
360,29446,0.146441935483871
361,30207,0.16247094972067
362,50376,0.94049364548495
363,29470,0.104245161290322
364,51278,0.548048275862
365,51084,0.165401675977653
366,29228,0.23827821230000001
367,29753,0.11762268907563
368,50560,0.190537113
369,29395,0.13482064516129
370,29354,0.244169032258064
371,50776,0.278558709677
372,50781,0.244169032258
373,29361,0.353205161290322
374,50789,0.353150967742
375,29347,0.257255483870967
376,29352,0.202931612903225
377,50779,0.202931612903
378,50054,0.757387939698492
379,29320,0.146809448818897
380,29252,0.3932234637
381,30244,0.1828659864
382,51280,0.09040086206900001
383,51193,0.320027615062761
384,29237,0.1570335196
385,29247,0.10610055869999999
386,29447,0.461490967741935
387,29305,0.126696062992125
388,29443,0.0973806451612903
389,29319,0.320248031496063
390,29483,0.191988387096774
391,30197,0.343725698324022
392,29335,0.190103225806451
393,29373,0.100331612903225
394,50566,0.098095876
395,50168,0.1376901235
396,28863,0.1804318436
397,50819,0.128530322581
398,51191,0.248323012552301
399,50816,0.174800787402
400,50553,0.20642013
401,29311,0.35105748031496
402,50358,0.0716842809364549
403,50363,0.266750501672241
404,51085,0.118946368715083
405,29452,0.663751612903225
406,29614,0.3606714286
407,28852,0.1690117318
408,50470,0.465025641
409,50817,0.166292125984
410,28955,0.1695285714
411,28975,0.1942857143
412,28993,0.09018823529
413,28999,0.1104806723
414,51358,0.690140201005025
415,50167,0.07357283951
416,29317,0.0755787401574803
417,29328,0.243962992125984
418,29316,0.272986614173228
419,30250,0.06814285714
420,29472,0.126554193548387
421,29314,0.177981102362204
422,50782,0.233666451613
423,50333,0.428432107023411
424,50372,0.0877357859531773
425,28798,0.2494556291
426,29126,0.875194258373205
427,29451,0.0853574193548387
428,50159,0.1797148148
429,29377,0.488456129032258
430,29341,0.120916774193548
431,29384,0.258847741935483
432,29381,0.282730322580645
433,50332,0.20554147157190603
434,50359,0.5609428093645489
435,29362,0.263133548387096
436,51086,0.11285251396648
437,50448,0.32741709399999996
438,28847,0.1815198675
439,50157,0.2839604938
440,51065,0.164031284916201
441,51087,0.261180446927374
442,50170,0.2912839506
443,29234,0.3715156425
444,29383,0.114838064516129
445,30200,0.204228491620111
446,29478,0.0767845161290322
447,29388,0.494083225806451
448,29380,0.218918709677419
449,29349,0.204713548387096
450,29471,0.12786
451,50171,0.1035777778
452,50774,0.0893083870968
453,50556,0.10324896900000001
454,29399,9999.9
455,29325,0.1273
456,51071,0.0889217877094972
457,51182,0.0843230125523012
458,29475,0.0840832258064516
459,30206,0.190127932960893
460,51088,0.107631843575419
461,51121,0.0934430167597765
462,30189,0.076213407821229
463,51089,0.186761452513966
464,29468,0.190570322580645
465,50364,0.32316822742474893
466,50367,0.19066688963210698
467,50787,0.215223870968
468,29338,0.306770322580645
469,50562,0.293968557
470,29233,0.07521005587
471,29617,0.1643642857
472,28792,0.09425430464
473,50574,0.14988711300000002
474,28828,0.09757549669
475,51274,0.855576724138
476,51252,0.177819827586
477,28854,0.1064687151
478,28858,0.2856877095
479,28960,0.1002310924
480,28981,0.1060773109
481,28996,0.1885042017
482,29134,0.961935406698564
483,30160,0.07596134454
484,50334,0.135195317725753
485,50571,0.302783505
486,50775,0.282963225806
487,51357,0.0759633165829145
488,28774,0.13087218539999998
489,29427,0.27626193548387
490,29345,0.282963225806451
491,51090,0.100945251396648
492,29450,0.257717419354838
493,29423,9999.9
494,29248,0.08752681563999999
495,29323,0.162326771653543
496,29327,0.264655118110236
497,29429,0.210148387096774
498,50821,0.381310322581
499,30193,0.416717877094972
500,28862,0.3939815642
501,28894,0.05500558659
502,29246,0.08203463687000001
503,50362,0.0976515050167224
504,29414,9999.9
505,29465,0.101078064516129
506,29350,0.11096193548387
507,29461,0.701369677419354
508,29396,0.2108
509,28870,0.03710055866
510,28877,0.1094441341
511,51091,0.14993407821229
512,30202,0.0685977653631284
513,29243,0.1234117318
514,30196,0.119883240223463
515,29359,0.0488245161290322
516,50160,0.132717284
517,50377,0.12971939799331098
518,29759,0.333284033613445
519,29455,0.0860393548387096
520,50158,0.07299382716
521,51258,1.6425284482799998
522,51262,0.17278534482799998
523,50378,0.3331147157190639
524,29476,0.464286861313868
525,51306,0.270540517241379
526,29330,0.140434193548387
527,51093,0.143104469273743
528,28806,0.1514483444
529,29356,0.307574193548387
530,28837,0.09175629139000001
531,28747,0.1116688742
532,29294,0.469268944099378
533,29524,0.4222267782
534,50818,0.140249677419
535,50337,0.159433110367893
536,51253,0.05369913793103448
537,50048,0.393647738693467
538,29467,0.29222064516129
539,51281,0.147272413793
540,29308,0.106517322834645
541,29355,0.0979503225806451
542,51196,0.253271308016877
543,51309,0.251068965517241
544,30190,0.147272067039106
545,51072,0.122056424581005
546,51122,0.200702793296089
547,51311,0.0775931034482759
548,29378,0.250377419354838
549,50169,0.3098950617
550,28974,0.1601302521
551,29003,0.1721773109
552,28741,0.3089509934
553,51133,0.1514342282
554,30204,0.150667597765363
555,50202,0.2870927374
556,51271,0.08251465517239999
557,51094,0.201008379888268
558,50033,0.194378894472361
559,51307,0.22973362068965497
560,29368,0.207034193548387
561,50371,0.5578896321070239
562,50265,0.4998261745
563,28745,0.1992715232
564,50578,0.381828350515
565,51194,0.0850263598326359
566,29348,0.460314838709677
567,51251,0.31449137931
568,29365,0.162381935483871
569,50350,0.12187357859531801
570,51197,0.122737656903765
571,50822,0.198750967742
572,28743,0.1571390728
573,29249,0.23713798879999998
574,28785,0.21593907280000002
575,30192,0.195840223463687
576,50342,0.19919531772575305
577,29480,0.474198709677419
578,30203,0.223187150837988
579,29425,0.287732903225806
580,51136,1.000740268
581,51138,0.1395080537
582,51316,0.156427586206897
583,29346,0.0633212903225806
584,29474,0.149393548387096
585,29431,0.265791612903225
586,51124,0.0589
587,51273,0.13678188965510002
588,28762,0.15188344369999998
589,50552,0.106204124
590,29357,0.152298064516129
591,50772,0.146524516129
592,50370,0.25874347826086996
593,51074,0.0827067039106145
594,50051,0.222636683417085
595,29321,0.227673228346456
596,29250,0.1472184358
597,50217,0.1181932961
598,51312,0.233931896551724
599,50196,0.06599497207
600,50031,0.28127336683417
601,28895,0.07615642458
602,28900,0.1648865922
603,28951,0.2113184874
604,30159,0.07846386555
605,50110,0.9225588517000001
606,51359,0.877176381909547
607,51314,0.303548275862069
608,51096,0.0898921787709497
609,30195,0.143010055865921
610,51137,0.2070765101
611,50417,0.0889578595317726
612,50561,0.12976958800000002
613,50194,0.1833441341
614,51313,0.0894922413793104
615,51257,0.147048275862
616,51272,0.08871896551719999
617,29123,0.273933971291866
618,29132,0.198907655502392
619,29137,0.552962679425837
620,29505,0.2278824268
621,30029,0.07350866667
622,50426,0.115803678929766
623,51098,0.154636871508379
624,51315,0.113372413793103
625,28748,0.1042794702
626,51260,0.0881913793103
627,51099,0.126386033519553
628,51135,0.126657047
629,50043,0.35195728643216
630,28797,0.11414768210000001
631,50436,0.157734188
632,29072,0.2068435407
633,51276,0.09266896551719998
634,29758,0.592373949579831
635,50200,0.1347346369
636,50360,0.11414180602006697
637,50568,0.084523711
638,28886,0.2619988827
639,29002,0.1041697479
640,50102,0.4329133971
641,50103,0.9788904306
642,50111,0.3069980861
643,50387,0.17683110367892999
644,50575,0.188436597938
645,51266,0.254630172414
646,30024,0.077596
647,29757,0.115474789915966
648,50573,0.166439175257
649,51075,0.175701117318435
650,29122,0.199104306220095
651,51269,0.192113793103
652,51100,0.119233519553072
653,50050,0.175034170854271
654,28891,0.1204731844
655,50383,0.8595899665551842
656,50268,0.1673013423
657,51101,0.172862569832402
658,51254,0.117223275862
659,50390,0.14344715719063503
660,51102,0.198401117318435
661,50269,0.2032536913
662,50193,0.09709329609
663,50214,0.08418826816
664,50034,0.33020904522613
665,50416,0.202111705685619
666,50422,0.568578929765886
667,51255,0.159801724138
668,50204,0.1533743017
669,51250,0.228646551724
670,50418,0.19079498327759198
671,50257,0.1929644295
672,51142,0.1713315436
673,50437,0.36820769200000003
674,50197,0.1366698324
675,28889,0.0
676,29124,0.107523444976076
677,50116,0.1759909091
678,50438,0.21630384600000002
679,51256,0.104561206897
680,29120,0.164388995215311
681,50577,0.24139175300000001
682,51104,0.0839368715083798
683,50198,0.2667486034
684,51105,0.0778201117318435
685,28867,0.04967877095
686,50327,0.076480602006689
687,50047,0.224067839195979
688,50421,0.128069565217391
689,30012,0.1037453333
690,51106,0.0949759776536312
691,29121,0.179590430622009
692,50352,0.270883277591973
693,50428,0.0926909698996656
694,50199,0.06336368715
695,51107,0.085977094972067
696,30015,0.22512733329999998
697,50347,0.11252474916388001
698,50365,0.136541806020067
699,50045,0.214955276381909
700,51275,0.163997413793
701,50419,0.100933444816054
702,50427,0.0891969899665552
703,50266,0.2016255034
704,50551,0.064164948
705,51265,0.107745689655
706,51361,0.630697487437186
707,51263,0.8018387931029999
708,50203,0.07916536313
709,50330,0.150930769230769
710,50435,0.233090171
711,50211,0.1880458101
712,51109,0.156056983240223
713,30020,0.08866066667000001
714,28883,0.1565290503
715,28904,0.1145206704
716,51126,0.0879055865921787
717,30004,0.1617513333
718,29073,0.178477512
719,50381,0.561589632107023
720,51111,0.0961480446927374
721,51127,0.392951955307262
722,50210,0.07502625698
723,50425,0.09833812709030099
724,50570,0.096934536
725,50351,0.10809364548495
726,51134,0.171685906
727,51128,0.0718837988826815
728,51076,0.0729888268156424
729,50105,0.3089181818
730,50112,0.4206947368
731,51487,0.107525
732,50443,0.15833333300000002
733,28902,0.114173743
734,50329,0.0759408026755853
735,50044,0.171768844221105
736,30007,0.2226973333
737,50391,0.205510702341137
738,50345,0.153603010033445
739,51077,0.368517318435754
740,50035,0.309301005025125
741,29129,0.249203827751196
742,50267,0.1635879195
743,28878,0.08319888268
744,28888,0.1096849162
745,28893,0.1138832402
746,50415,0.12285451505016699
747,28892,0.4444536313
748,51129,0.144311731843575
749,51268,0.14008189655099998
750,51261,0.229940517241
751,50335,0.0853217391304348
752,50385,0.134071571906355
753,50386,0.11587826086956501
754,50567,0.157024742
755,50368,0.18292742474916399
756,50424,0.111840133779264
757,29050,0.2030705882
758,29056,0.17385126050000002
759,29071,0.1915889952
760,50701,0.32025140562249
761,50445,0.236907692
762,50344,0.0902498327759197
763,50449,0.125255556
764,50434,0.129172222
765,50432,0.0
766,29513,0.1280606695
767,29499,0.1630171548
768,51066,0.132364804469273
769,51492,0.13760625
770,50433,0.11695256400000001
771,29130,0.167723923444976
772,29135,0.141790909090909
773,50346,0.142462876254181
774,50349,0.11389331103678901
775,28701,0.1247505285
776,28733,9999.9
777,29044,0.35120924369999995
778,29051,0.5448226891
779,29136,0.333111961722488
780,29558,0.2383905093
781,50263,0.1258389262
782,51130,0.146386033519553
783,50037,0.143488944723618
784,51112,0.0905206703910614
785,29094,0.1635244019
786,29117,0.181362200956937
787,50270,0.2014691275
788,29133,0.26202966507177
789,29081,0.0
790,50271,0.1559201342
791,51478,0.1438125
792,51131,0.108084916201117
793,50467,0.19397265
794,50032,0.117513567839196
795,50259,0.1972315436
796,28726,0.11936849890000001
797,29032,0.3581823529
798,29128,0.137946889952153
799,29570,0.1296578704
800,29573,0.1104486111
801,50109,0.4715449761
802,51146,0.108038547486033
803,50261,0.1506644295
804,29093,0.20049138760000002
805,51148,0.103357541899441
806,50260,0.1158624161
807,50060,0.150872864321608
808,51149,0.177019553072625
809,50046,0.26334472361809
810,51483,0.11148402800000001
811,29034,0.1592319328
812,29038,0.3480436975
813,50107,0.15839569380000001
814,50108,0.2359435407
815,50117,0.2716105263
816,50657,0.155208464
817,50663,0.338511297071129
818,50664,0.208605439330543
819,50688,0.14011686746988
820,50699,0.129218875502008
821,51156,0.195502793296089
822,29075,0.13453205740000002
823,28732,0.0
824,29035,0.1288361345
825,29538,0.2148516204
826,29556,0.1538712963
827,50687,0.16246987951807199
828,50691,0.145167871485944
829,50692,0.0954072289156627
830,50706,0.13585421686746998
831,50707,0.18406787148594397
832,51344,0.17749075630252
833,51486,0.10115
834,29082,0.2340770335
835,51113,0.0835156424581005
836,51114,0.102672625698324
837,50439,0.121217094
838,29079,0.9191138756
839,28715,0.2300661734
840,29546,0.1190310185
841,50115,0.3050722488
842,50682,0.256921686746988
843,50685,0.24675983935743
844,51332,0.100939495798319
845,51335,0.082716806722689
846,51342,0.100613445378151
847,51365,0.215074789915966
848,29077,0.1851143541
849,29525,0.2708958159
850,51488,0.19557291699999999
851,51067,0.100804469273743
852,51485,0.14649305599999998
853,29078,0.1449832536
854,50440,0.17385812
855,29577,0.192962037
856,50683,0.155548192771084
857,51333,0.191591596638655
858,29076,0.1298741627
859,50040,0.179588944723618
860,51132,0.1275
861,50444,0.275392735
862,29048,0.2840386555
863,29574,0.09840277778
864,30147,0.4314739496
865,50660,0.247596234309623
866,50668,0.289592887029288
867,50709,0.16395823293172698
868,29080,0.1725114833
869,50030,0.166490452261306
870,51116,0.0923525139664804
871,50264,0.128895302
872,29085,0.32528803829999997
873,28702,0.2060604651
874,28723,0.1594348837
875,29571,0.1235685185
876,51336,0.34918319327731
877,51364,0.248777310924369
878,29091,0.3773095694
879,50388,0.21371672240802697
880,50658,0.243011599
881,50659,0.329201255230125
882,50710,0.119856224899598
883,51334,0.183979831932773
884,50446,0.0
885,29501,0.1162263598
886,29520,0.0682251046
887,29092,0.11264210529999999
888,50441,0.148555983
889,29086,0.223862201
890,51481,0.31605625
891,50041,0.173266331658291
892,28721,0.09137494715
893,50698,0.176241365461847
894,29084,0.20314449760000003
895,51117,0.0999575418994413
896,50463,0.25390641
897,50382,0.160050501672241
898,28725,0.13666934460000002
899,29089,0.3402626794
900,50703,0.23813734939759001
901,51339,0.125304201680672
902,51340,0.0866042016806722
903,51341,0.43251512605042
904,51118,0.181330726256983
905,29090,0.09149665072
906,29087,0.1873545455
907,28720,0.07130443974999999
908,51338,0.120252100840336
909,51343,0.148380672268907
910,51154,0.133954189944134
911,50039,1.07925979899497
912,29083,0.1408641148
913,29512,0.3028221757
914,51155,0.103728491620111
915,29550,0.1435516204
916,50666,9999.9
917,50455,0.24334829100000002
918,51068,0.118322346368715
919,51363,0.1458
920,51369,0.251861344537815
921,29526,0.1044259414
922,50665,0.374319246861924
923,51362,0.076453781512605
924,50042,0.28851608040201
925,29567,0.06507615741
926,51489,0.277545139
927,29496,0.2076794979
928,51345,0.094744537815126
929,29523,0.07229037657
930,50466,0.164826496
931,51476,
932,50468,0.062786752
933,29022,0.5846848739
934,50667,0.334309404
935,29016,0.4130983193
936,51477,0.261041667
937,29021,0.1287428571
938,29054,0.41527731090000003
939,30149,0.445789916
940,30146,0.14445378150000002
941,51490,0.165191667
942,29020,1.130043697
943,29023,0.266794958
944,51373,0.0485781512605042
945,29049,0.3298243697
946,29011,0.3051201681
947,29045,0.345910084
948,29040,0.2100638655
949,29018,0.3035310924
950,29033,0.2440369748
951,29047,0.2465857143
952,29036,0.5203537815
953,51491,0.080323611
954,29024,0.3061722689
955,29019,0.2014773109
956,29014,0.280094958
957,29403,9999.9
958,28896,0.1229273743
959,28926,0.3195798319
960,29389,0.253258709677419
961,29458,0.281732903225806
962,51216,0.266931034483
963,29376,0.313545161290322
964,50826,1.14294387097
965,51298,0.304364655172414
966,50815,0.451473548387
967,50807,0.815458064516
968,51034,0.30592625698324
969,50992,0.189795530726256
970,30176,0.212340782122905
971,51235,0.1361137931034
972,50281,0.9929414715719059
973,51001,0.202742458100558
974,29099,0.339455980861243
975,29112,0.120505741626794
976,50145,0.2049765432
977,30183,0.0839910614525139
978,28860,0.08052346369
979,51238,1.0931663793100002
980,51302,0.274551724137931
981,29192,0.21045977649999997
982,50993,0.171806145251396
983,28791,0.1304311258
984,30172,0.173309497206703
985,29221,0.1376865922
986,28853,0.1739173184
987,28909,0.1817184358
988,50305,0.908729431438127
989,50991,0.120007262569832
990,51241,0.08278706896549999
991,51234,0.0772232758621
992,28838,0.2407006623
993,28831,1.0159158940000002
994,30247,0.06764863946
995,50275,0.20361906354515003
996,28939,0.1722268908
997,28982,0.1733647059
998,50133,0.1598794258
999,50304,0.7144428093645491
1000,51349,0.2625216080402
1001,51350,0.547204522613065
1002,51351,0.180820603015075
1003,51355,0.32170904522613
1004,51014,0.087740782122905
1005,29435,0.140318064516129
1006,51009,0.201308379888268
1007,50626,0.407942784
1008,50288,0.50358127090301
1009,51006,0.0987960893854748
1010,30180,0.206616759776536
1011,28843,0.13341920529999998
1012,50799,0.151047096774
1013,51296,1.7322060344827601
1014,30188,0.33242625698324
1015,50283,0.372709030100334
1016,50286,1.97196688963211
1017,50312,0.5377906354515051
1018,51168,0.215213966480446
1019,50801,0.402963870968
1020,51211,0.264323275862
1021,50147,0.173
1022,50528,0.112931197
1023,30175,0.18848659217877
1024,30182,0.17144469273743
1025,28808,0.2753211921
1026,29286,0.141833548387096
1027,28768,0.10845364240000001
1028,50823,0.215429032258
1029,50295,0.15716923076923098
1030,29288,0.334650322580645
1031,28761,0.1516615894
1032,29197,0.10253631279999999
1033,28809,0.364486755
1034,29385,0.238049032258064
1035,50053,0.395954773869346
1036,28765,0.18142119210000002
1037,51354,0.433306532663316
1038,28899,0.1905955307
1039,50186,0.2764625698
1040,29408,9999.9
1041,50279,1.97196688963211
1042,50299,1.2935200668896298
1043,50027,0.270095477386934
1044,51292,1.0806241379310302
1045,29110,1.2405909090909
1046,29738,0.133178991596638
1047,50149,0.1746246914
1048,51225,0.226381896552
1049,50524,0.240711538
1050,30174,0.231869832402234
1051,51008,0.221676536312849
1052,50322,0.530415050167224
1053,51236,0.414639655172
1054,29190,0.16971284920000002
1055,29109,0.311931100478468
1056,50613,0.127072165
1057,29731,0.208335294117647
1058,28884,0.07328826816
1059,28844,0.1318059603
1060,50611,0.16241340199999998
1061,51007,0.145745810055865
1062,51294,0.369624137931034
1063,28924,0.1168537815
1064,28935,0.1069588235
1065,28952,0.0624487395
1066,28958,0.1622621849
1067,30011,0.22137933329999998
1068,50122,0.3235492823
1069,50129,0.3379368421
1070,50135,0.9651205742
1071,50247,0.4082993289
1072,50326,0.367763879598662
1073,28840,0.6794529801000001
1074,51177,0.116194972067039
1075,50974,0.10616033519553
1076,29737,0.170178991596638
1077,30005,0.2425266667
1078,29732,0.261711764705882
1079,50303,2.03042040133779
1080,51202,0.717926724138
1081,30168,0.0620687150837988
1082,30170,0.119196089385474
1083,29430,0.247288387096774
1084,28796,0.1005576159
1085,29291,0.32288129032258
1086,50800,0.378778709677
1087,50616,0.234997423
1088,50316,0.5038695652173909
1089,51222,0.142546551724
1090,50612,0.169518557
1091,51165,0.264031284916201
1092,29400,9999.9
1093,50964,0.211105586592178
1094,29113,0.290655023923444
1095,50242,1.220018121
1096,50618,0.689540206
1097,29482,0.298024516129032
1098,30169,0.302937988826815
1099,28835,0.2716556291
1100,50797,0.43126
1101,28787,0.09446092715
1102,50402,0.0694809364548495
1103,28771,0.1116682119
1104,50292,0.350284280936455
1105,50294,0.173345819397993
1106,50191,0.151747486
1107,29204,0.2033055866
1108,50148,0.1549901235
1109,30003,0.33263200000000004
1110,28824,0.1303384106
1111,29484,0.726463225806451
1112,50028,0.430106030150753
1113,51203,1.41452241379
1114,28855,0.1500843575
1115,50313,1.67558193979933
1116,50315,0.166076923076923
1117,29277,0.119566141732283
1118,50403,0.47492240802675606
1119,51317,0.18268706896551698
1120,29729,0.305265546218487
1121,29284,0.258640944881889
1122,50289,0.272660200668896
1123,28788,0.232713245
1124,50981,0.142164245810055
1125,50192,1.269618994
1126,51224,0.10343706896600001
1127,30187,0.118463687150838
1128,29456,0.244286451612903
1129,28927,0.188087395
1130,28930,0.2947781513
1131,28931,0.6833605042
1132,28933,0.2730487395
1133,28966,0.4641613445
1134,28967,0.09445042017
1135,28992,0.285189916
1136,30013,0.21726399999999998
1137,50610,0.2722412371134
1138,50998,0.209094413407821
1139,51293,0.099275
1140,50985,0.127133519553072
1141,50325,0.252492642140468
1142,29200,0.23029497210000002
1143,50412,0.16812742474916398
1144,50413,0.203984615384615
1145,28810,0.10119933769999999
1146,51301,0.30427931034482797
1147,51223,0.176270689655
1148,50984,0.330687709497206
1149,50603,0.11454742300000001
1150,28872,0.1461793296
1151,29097,1.17457129186602
1152,51000,0.197075418994413
1153,50006,0.166288944723618
1154,51248,0.0767844827586
1155,28920,0.1953067227
1156,28937,0.3717815126
1157,50510,0.628482051
1158,51300,1.38617586206897
1159,28865,0.1005122905
1160,50183,0.06489776536
1161,50274,0.281272909698997
1162,50988,0.102217318435754
1163,51297,0.533116379310345
1164,50601,0.292918041
1165,28908,0.1150284916
1166,50287,0.11181371237458199
1167,50255,0.1688114094
1168,50628,0.124339175
1169,30028,0.09473466667000001
1170,50143,0.1584358025
1171,50324,0.109265551839465
1172,50212,0.06241061453
1173,29735,0.0780176470588235
1174,50249,0.2996214765
1175,30017,0.181144
1176,28817,0.2633298013
1177,50291,0.242759531772575
1178,28789,0.1516509934
1179,50250,0.2527543624
1180,50972,0.187982681564245
1181,50142,0.1243296296
1182,50190,0.07590670391
1183,29733,0.268211764705882
1184,28941,0.1288478992
1185,28964,0.2554478992
1186,28972,0.08009411765
1187,28986,0.09015798319
1188,28987,0.12049411759999999
1189,29101,0.529610047846889
1190,29108,0.498782296650717
1191,29111,0.185382296650717
1192,50290,0.171345819397993
1193,50411,0.3999916387959871
1194,28898,0.2024569832
1195,50990,0.195265363128491
1196,50272,0.18266822742474897
1197,51201,0.6538663793103447
1198,50014,0.0956683417085427
1199,50015,0.198581909547738
1200,29178,0.4408368715
1201,51239,0.2958715517241379
1202,50248,0.1440671141
1203,50056,0.345032663316582
1204,29592,0.1253619048
1205,29103,0.38140956937799
1206,50966,0.0821938547486033
1207,29515,0.3925066946
1208,29633,0.2010380952
1209,50296,0.9252177257525079
1210,50999,0.149059776536312
1211,51227,0.620630172414
1212,29511,0.3604631799
1213,51204,0.7994103448280001
1214,51221,0.17670948275899998
1215,51229,0.07199655172410001
1216,50976,0.156476536312849
1217,29730,0.10828319327731
1218,30019,0.09815066667000001
1219,50397,0.0780622073578595
1220,29503,1.26927364
1221,51220,0.201431034483
1222,29063,0.2088239234
1223,29222,0.3813614525
1224,51299,0.657222413793103
1225,50408,0.108937123745819
1226,51240,0.1857758620689655
1227,50120,0.5260296650999999
1228,28938,0.2439546218
1229,28957,0.3208563025
1230,50118,0.2343875598
1231,29096,0.352105263157894
1232,29736,0.358827731092437
1233,50240,0.1654208054
1234,29619,0.062625
1235,50282,0.117322073578595
1236,50406,0.322803010033445
1237,51217,0.108749137931
1238,28890,0.1667826816
1239,50235,0.2118604027
1240,50188,0.1479882682
1241,50277,0.320176923076923
1242,50252,0.2646959732
1243,29064,0.9881641148
1244,50301,0.0995434782608696
1245,30014,0.18015266670000002
1246,50216,0.07346480447
1247,30016,0.1295346667
1248,50605,0.09200567
1249,50207,0.3007156425
1250,51212,0.2385206896551724
1251,50280,0.152700334448161
1252,50234,0.1336536913
1253,50994,0.0576837988826815
1254,50996,0.107355307262569
1255,29508,0.566658159
1256,51206,0.15539913793103444
1257,50404,0.10135418060200699
1258,50410,0.31458060200668897
1259,50515,0.18235683800000002
1260,50128,0.4165215311
1261,50314,0.131328428093645
1262,50519,0.17784871800000002
1263,50997,0.314638547486033
1264,50026,0.581426633165829
1265,29509,0.2010690377
1266,50606,0.108632474
1267,51291,0.14250775862068998
1268,50187,0.04163631285
1269,50182,0.171652514
1270,50405,0.11450468227424801
1271,50399,0.17182709030100302
1272,51237,0.078650862069
1273,28897,0.09797932961
1274,51210,0.169618103448
1275,51208,0.23803534482799998
1276,50022,0.169013065326633
1277,50055,0.242137688442211
1278,28861,0.08570614525
1279,50189,0.07463519553
1280,50509,0.8622995729999999
1281,50995,0.185943575418994
1282,50489,1.493511966
1283,50002,0.20880552763819
1284,50273,0.10550969899665599
1285,51218,0.08703103448280002
1286,50532,0.218471795
1287,50011,0.124786934673366
1288,50251,0.2527536913
1289,50523,0.36337094
1290,30000,0.1512153333
1291,50184,0.0578698324
1292,29568,0.113719213
1293,50126,0.6098564593
1294,50516,0.087630769
1295,28874,0.08843910615
1296,50481,0.8318303420000001
1297,50241,0.1777798658
1298,50607,0.181138659793
1299,28906,0.09844748603
1300,50500,0.067444444
1301,30010,0.073518
1302,29498,0.5801774059
1303,51472,0.112288889
1304,30018,0.1652926667
1305,50007,0.305508542713567
1306,50486,0.246491026
1307,28864,0.06193854749
1308,29677,0.12662484470000002
1309,50504,0.281494872
1310,50520,0.23523162399999997
1311,28866,0.1143726257
1312,50501,0.42367863200000005
1313,29106,0.577816267942583
1314,50614,0.218358763
1315,29664,0.1422981366
1316,29670,0.1290795031
1317,29107,0.123906220095693
1318,29678,0.08860186335
1319,50973,0.160621787709497
1320,29211,0.1070027933
1321,51205,0.142448275862069
1322,28681,0.08221828752999999
1323,28687,0.1165251586
1324,28695,0.1206323467
1325,29030,0.3334151261
1326,29046,0.3785369748
1327,29572,0.09785092593
1328,50521,0.291204274
1329,29068,0.9494105263
1330,50130,0.19706459329999998
1331,50134,0.2890727273
1332,29794,0.1328459627
1333,50124,0.48098421049999995
1334,50253,0.1673610738
1335,50530,0.269766667
1336,50702,0.16946184738955802
1337,51329,0.277803517587939
1338,50527,0.08628589699999999
1339,51026,0.0695972067039106
1340,29559,0.1518842593
1341,29540,0.1364796296
1342,29541,0.105324537
1343,29545,0.1231916667
1344,29104,0.169769182389937
1345,50320,0.22159030100334398
1346,50518,0.133537607
1347,29100,0.927943540669856
1348,29114,0.206724401913875
1349,29065,1.129618182
1350,50238,0.2342516779
1351,29037,0.4238563025
1352,29039,0.421002521
1353,29041,0.4733865546
1354,29539,0.2571641204
1355,50004,0.25974472361809
1356,50236,0.2060691275
1357,50136,0.2906617225
1358,29105,0.168705263157894
1359,29665,0.0928484472
1360,29796,0.08822111801000002
1361,50697,0.17372008032128503
1362,50686,0.156199598393574
1363,50694,0.22617228915662602
1364,50695,0.24405140562248998
1365,29115,0.170604306220095
1366,50711,0.157700401606426
1367,51318,0.094916806722689
1368,50254,0.1685845638
1369,50246,0.2418879195
1370,50137,0.33932392340000006
1371,50490,0.39890042700000006
1372,29657,0.2575596273
1373,29666,0.08638819876
1374,50121,0.2967784689
1375,29029,0.3636184874
1376,51025,0.106669273743016
1377,29066,0.1405253589
1378,29588,0.2350702381
1379,50696,0.12271606425702801
1380,29547,0.09678819444
1381,29060,0.2384631579
1382,50645,0.372448276
1383,51465,0.084270833
1384,51468,0.153005556
1385,50477,0.18358760699999999
1386,51018,0.095177094972067
1387,51464,0.123899306
1388,29028,0.4520571429
1389,50012,0.205023115577889
1390,51474,0.186045833
1391,28675,0.09599978858
1392,50483,0.320844872
1393,51023,0.0918569832402234
1394,50233,0.1293825503
1395,50020,0.216923618090452
1396,50237,0.1621852349
1397,29656,0.16386335400000002
1398,29798,0.2293291925
1399,50131,0.1682732057
1400,29031,0.3156756303
1401,50646,9999.9
1402,50689,0.11499638554216901
1403,50498,0.158032051
1404,50643,0.264611285
1405,50514,0.12896880300000002
1406,29497,0.09558995816
1407,51019,0.0891055865921787
1408,50245,0.2681147651
1409,51328,0.11322268907563
1410,51017,0.135061452513966
1411,29058,0.2024143541
1412,29669,0.060400621120000005
1413,50016,0.196
1414,29055,0.2865983193
1415,29543,0.1584178241
1416,50690,0.20168393574297197
1417,30144,0.1734596639
1418,30151,0.3121788136
1419,50649,1.64451924686192
1420,50693,0.11824096385542199
1421,29069,0.0
1422,29070,0.40414593299999996
1423,51467,0.165538889
1424,29516,0.1335694561
1425,50017,0.615486934673366
1426,50700,0.29014578313253003
1427,50232,0.3927671141
1428,50024,0.130170351758793
1429,51016,0.0819385474860335
1430,51459,0.126634722
1431,51457,0.15695625
1432,51027,0.102158659217877
1433,29566,0.1215618056
1434,29659,0.07919813665
1435,50705,0.21890682730923702
1436,50652,0.17955517199999999
1437,50654,0.246630962343096
1438,29053,0.1653907563
1439,50496,0.313841453
1440,51021,0.156473743016759
1441,28677,0.1811659619
1442,29679,0.2268236025
1443,29575,0.08767037037
1444,29667,0.1353819876
1445,29671,0.40740310560000004
1446,29795,0.1167496894
1447,29797,0.1400509317
1448,50003,0.432088442211055
1449,29059,0.09813397129000001
1450,29660,0.06969440994
1451,28690,0.1430090909
1452,29042,0.2814596639
1453,50488,0.273759829
1454,29661,0.1304782609
1455,29662,0.18104968940000002
1456,29658,0.1776652174
1457,50499,0.123318803
1458,29676,0.1317807453
1459,50487,0.0
1460,50244,0.3446503356
1461,51607,0.29443025210084
1462,29203,0.09285810056
1463,51029,0.148439664804469
1464,50655,0.410274295
1465,29205,0.10405027929999999
1466,50482,0.153941026
1467,29668,0.133710559
1468,51585,0.271374371859296
1469,50491,0.093798718
1470,29595,0.11825357140000001
1471,29057,0.1671464115
1472,29553,0.2557571759
1473,50019,0.436931658291457
1474,50531,1.253173504
1475,51466,0.208895833
1476,29569,0.09346365741
1477,50507,0.302831197
1478,50704,0.0880510040160643
1479,51020,0.176574860335195
1480,51028,0.0746301675977653
1481,51322,0.149985714285714
1482,50480,0.219379915
1483,50503,0.139841026
1484,51470,0.08891875
1485,29674,0.2444149068
1486,51015,0.0735100558659217
1487,50653,9999.9
1488,51323,0.0518
1489,51320,0.33793781512605
1490,50025,0.174318592964824
1491,50708,0.11786064257028099
1492,50008,0.302944221105527
1493,50505,0.045650855
1494,51319,0.0545436974789916
1495,51578,0.329082412060301
1496,50502,0.20231025600000002
1497,50642,0.0
1498,50492,0.286833761
1499,50525,0.091612821
1500,29675,0.1118925466
1501,51458,0.28924791699999997
1502,29500,0.1140242678
1503,50651,0.215989342
1504,51024,0.0921502793296089
1505,29166,0.1956430168
1506,29164,0.1958368715
1507,29163,0.1372178771
1508,29214,0.18532569829999998
1509,29150,0.1812592179
1510,29194,0.19737765359999998
1511,29182,0.1895189944
1512,29169,0.1402223464
1513,29161,0.2991837989
1514,29176,0.307624581
1515,29219,0.3175234637
1516,29151,0.32300125
1517,29186,0.19371340780000001
1518,50977,0.128886033519553
1519,51013,0.256884357541899
1520,51032,0.172657541899441
1521,29162,0.07201620112
1522,29159,0.156196648
1523,29206,0.08448547485999999
1524,29155,0.1233653631
1525,51353,1.0524216080402
1526,29153,0.2234441341
1527,28940,0.1593352941
1528,50625,0.07253299
1529,29195,0.16863240219999998
1530,29158,0.3771519553
1531,29202,0.2031826816
1532,29193,0.24892569829999997
1533,51030,0.438855307262569
1534,51002,0.197764804469273
1535,50617,0.20552319587600001
1536,29168,0.1105899441
1537,29184,0.2027502793
1538,28887,0.5725893855
1539,29183,0.2963541899
1540,50969,0.275206703910614
1541,29165,0.2718441341
1542,29154,0.12634189939999999
1543,29216,0.3248318436
1544,51173,0.233269832402234
1545,29209,0.21440055870000002
1546,29215,0.4358832402
1547,29156,0.1673368715
1548,29218,0.3820977654
1549,29172,0.08762178771
1550,29157,0.08104078212
1551,29185,0.2779162011
1552,29175,0.2068938547
1553,28905,0.2399094972
1554,28995,0.08507394958
1555,50146,0.1293765432
1556,51348,0.337262184873949
1557,29152,0.16237039109999998
1558,50793,0.680984251969
1559,30173,0.128088826815642
1560,50803,0.177412258065
1561,29188,0.1086530726
1562,50802,0.139987096774
1563,29208,0.1841268156
1564,28811,0.4340874172
1565,50804,0.311731612903
1566,29181,0.1953659218
1567,29210,0.2287050279
1568,29199,0.170727933
1569,29273,0.24893937007874
1570,51166,0.714326359832635
1571,29280,0.457591338582677
1572,29401,9999.9
1573,51249,0.18923362069000002
1574,50306,0.8934006688963209
1575,50825,0.195552258065
1576,29283,0.163780314960629
1577,28821,0.6072476821
1578,29740,0.165291596638655
1579,29220,0.3598709497
1580,29417,9999.9
1581,51003,0.126302793296089
1582,50986,0.12577094972067
1583,51010,0.165932402234636
1584,50987,0.177876536312849
1585,28998,0.1111546218
1586,51352,0.77239648241206
1587,51161,0.776031284916201
1588,29415,9999.9
1589,29413,9999.9
1590,51011,0.306194413407821
1591,51172,0.248851955307262
1592,29404,9999.9
1593,50308,2.75312240802676
1594,50970,0.106244134078212
1595,50609,0.278501546
1596,28925,0.2458882353
1597,28936,0.2128218487
1598,28822,0.2553430464
1599,29274,0.195713821138211
1600,50965,0.193655307262569
1601,51213,1.32499137931
1602,51163,0.174959217877094
1603,29433,0.745967096774193
1604,28875,0.442898324
1605,30239,0.1085098639
1606,29514,2.538364017
1607,29481,0.231051612903225
1608,28825,0.3387218543
1609,50013,0.449787437185929
1610,50318,0.184736120401338
1611,50979,0.282393854748603
1612,28754,0.23106026489999998
1613,50982,0.078831843575419
1614,29281,0.234880314960629
1615,29191,0.1069681564
1616,28815,0.2929635762
1617,28901,0.09644413408
1618,29116,0.266665550239234
1619,50602,0.381828350515
1620,29739,0.236715966386554
1621,50794,0.489878740157
1622,29198,0.08320335196
1623,29098,0.782188995215311
1624,51035,0.305831843575419
1625,51231,0.53011120689655
1626,50824,0.128263870968
1627,28820,0.19608543050000002
1628,30237,0.1202710884
1629,28795,0.06608145695
1630,28859,0.1545793296
1631,29196,0.1326810056
1632,51214,0.23487241379299997
1633,28800,0.39452980130000004
1634,50983,0.18342625698324
1635,28857,0.0936547486
1636,50989,0.143339664804469
1637,51012,0.29837877094972
1638,50311,0.561422073578595
1639,50317,1.38580133779264
1640,30179,0.118824022346368
1641,50622,0.48431494799999997
1642,30171,0.188116759776536
1643,51174,0.166005439330543
1644,50968,0.0998927374301676
1645,29410,9999.9
1646,30186,0.0815502793296089
1647,28790,0.3389794702
1648,51033,0.320991061452513
1649,28778,0.07529536424
1650,51209,0.8696612068970001
1651,29479,0.180462580645161
1652,29587,0.3880535714
1653,28949,0.2096731092
1654,28963,0.2737663866
1655,50791,0.089774015748
1656,51295,0.257411206896552
1657,29449,0.344112903225806
1658,30184,0.136009497206703
1659,50978,0.0648312849162011
1660,30178,0.132219553072625
1661,50144,0.116982716
1662,29392,0.240907741935483
1663,50310,0.12289832775919698
1664,28879,0.1206558659
1665,29201,0.1540122905
1666,50307,585036789297659.0
1667,51169,0.227645810055865
1668,50153,0.2874197531
1669,50152,0.1294135802
1670,50967,0.174138547486033
